"Provider ID","Measure","Score","Footnote"
"AK","HAI_1_SIR","1.123",""
"AL","HAI_1_SIR","0.610",""
"AR","HAI_1_SIR","0.552",""
"AS","HAI_1_SIR","Not Available","Results cannot be calculated for this reporting period."
"AZ","HAI_1_SIR","0.582",""
"CA","HAI_1_SIR","0.500",""
"CO","HAI_1_SIR","0.478",""
"CT","HAI_1_SIR","0.524",""
"DC","HAI_1_SIR","0.615",""
"DE","HAI_1_SIR","0.500",""
"FL","HAI_1_SIR","0.567",""
"GA","HAI_1_SIR","0.683",""
"GU","HAI_1_SIR","Not Available","Results cannot be calculated for this reporting period."
"HI","HAI_1_SIR","0.229",""
"IA","HAI_1_SIR","0.485",""
"ID","HAI_1_SIR","0.275",""
"IL","HAI_1_SIR","0.503",""
"IN","HAI_1_SIR","0.633",""
"KS","HAI_1_SIR","0.414",""
"KY","HAI_1_SIR","0.682",""
"LA","HAI_1_SIR","0.737",""
"MA","HAI_1_SIR","0.427",""
"MD","HAI_1_SIR","0.525",""
"ME","HAI_1_SIR","0.809",""
"MI","HAI_1_SIR","0.421",""
"MN","HAI_1_SIR","0.442",""
"MO","HAI_1_SIR","0.426",""
"MP","HAI_1_SIR","Not Available","Results cannot be calculated for this reporting period."
"MS","HAI_1_SIR","0.847",""
"MT","HAI_1_SIR","0.750",""
"NC","HAI_1_SIR","0.491",""
"ND","HAI_1_SIR","0.440",""
"NE","HAI_1_SIR","0.581",""
"NH","HAI_1_SIR","0.365",""
"NJ","HAI_1_SIR","0.660",""
"NM","HAI_1_SIR","0.547",""
"NV","HAI_1_SIR","0.525",""
"NY","HAI_1_SIR","0.538",""
"OH","HAI_1_SIR","0.465",""
"OK","HAI_1_SIR","0.456",""
"OR","HAI_1_SIR","0.299",""
"PA","HAI_1_SIR","0.516",""
"PR","HAI_1_SIR","0.861",""
"RI","HAI_1_SIR","0.483",""
"SC","HAI_1_SIR","0.577",""
"SD","HAI_1_SIR","0.288",""
"TN","HAI_1_SIR","0.535",""
"TX","HAI_1_SIR","0.567",""
"UT","HAI_1_SIR","0.596",""
"VA","HAI_1_SIR","0.513",""
"VI","HAI_1_SIR","4.105",""
"VT","HAI_1_SIR","0.209",""
"WA","HAI_1_SIR","0.523",""
"WI","HAI_1_SIR","0.431",""
"WV","HAI_1_SIR","0.447",""
"WY","HAI_1_SIR","0.514",""
"AK","HAI_1_CI_UPPER","1.775",""
"AL","HAI_1_CI_UPPER","0.690",""
"AR","HAI_1_CI_UPPER","0.653",""
"AS","HAI_1_CI_UPPER","Not Available","Results cannot be calculated for this reporting period."
"AZ","HAI_1_CI_UPPER","0.664",""
"CA","HAI_1_CI_UPPER","0.531",""
"CO","HAI_1_CI_UPPER","0.573",""
"CT","HAI_1_CI_UPPER","0.633",""
"DC","HAI_1_CI_UPPER","0.756",""
"DE","HAI_1_CI_UPPER","0.733",""
"FL","HAI_1_CI_UPPER","0.605",""
"GA","HAI_1_CI_UPPER","0.750",""
"GU","HAI_1_CI_UPPER","Not Available","Results cannot be calculated for this reporting period."
"HI","HAI_1_CI_UPPER","0.378",""
"IA","HAI_1_CI_UPPER","0.615",""
"ID","HAI_1_CI_UPPER","0.453",""
"IL","HAI_1_CI_UPPER","0.557",""
"IN","HAI_1_CI_UPPER","0.710",""
"KS","HAI_1_CI_UPPER","0.523",""
"KY","HAI_1_CI_UPPER","0.780",""
"LA","HAI_1_CI_UPPER","0.830",""
"MA","HAI_1_CI_UPPER","0.492",""
"MD","HAI_1_CI_UPPER","0.608",""
"ME","HAI_1_CI_UPPER","1.116",""
"MI","HAI_1_CI_UPPER","0.469",""
"MN","HAI_1_CI_UPPER","0.536",""
"MO","HAI_1_CI_UPPER","0.490",""
"MP","HAI_1_CI_UPPER","Not Available","Results cannot be calculated for this reporting period."
"MS","HAI_1_CI_UPPER","0.983",""
"MT","HAI_1_CI_UPPER","1.125",""
"NC","HAI_1_CI_UPPER","0.548",""
"ND","HAI_1_CI_UPPER","0.650",""
"NE","HAI_1_CI_UPPER","0.753",""
"NH","HAI_1_CI_UPPER","0.592",""
"NJ","HAI_1_CI_UPPER","0.733",""
"NM","HAI_1_CI_UPPER","0.719",""
"NV","HAI_1_CI_UPPER","0.617",""
"NY","HAI_1_CI_UPPER","0.581",""
"OH","HAI_1_CI_UPPER","0.514",""
"OK","HAI_1_CI_UPPER","0.539",""
"OR","HAI_1_CI_UPPER","0.394",""
"PA","HAI_1_CI_UPPER","0.559",""
"PR","HAI_1_CI_UPPER","1.080",""
"RI","HAI_1_CI_UPPER","0.694",""
"SC","HAI_1_CI_UPPER","0.666",""
"SD","HAI_1_CI_UPPER","0.504",""
"TN","HAI_1_CI_UPPER","0.598",""
"TX","HAI_1_CI_UPPER","0.604",""
"UT","HAI_1_CI_UPPER","0.735",""
"VA","HAI_1_CI_UPPER","0.583",""
"VI","HAI_1_CI_UPPER","8.088",""
"VT","HAI_1_CI_UPPER","0.487",""
"WA","HAI_1_CI_UPPER","0.614",""
"WI","HAI_1_CI_UPPER","0.514",""
"WV","HAI_1_CI_UPPER","0.560",""
"WY","HAI_1_CI_UPPER","1.316",""
"AK","HAI_1_CI_LOWER","0.665",""
"AL","HAI_1_CI_LOWER","0.537",""
"AR","HAI_1_CI_LOWER","0.464",""
"AS","HAI_1_CI_LOWER","Not Available","Results cannot be calculated for this reporting period."
"AZ","HAI_1_CI_LOWER","0.508",""
"CA","HAI_1_CI_LOWER","0.470",""
"CO","HAI_1_CI_LOWER","0.395",""
"CT","HAI_1_CI_LOWER","0.430",""
"DC","HAI_1_CI_LOWER","0.495",""
"DE","HAI_1_CI_LOWER","0.327",""
"FL","HAI_1_CI_LOWER","0.531",""
"GA","HAI_1_CI_LOWER","0.621",""
"GU","HAI_1_CI_LOWER","Not Available","Results cannot be calculated for this reporting period."
"HI","HAI_1_CI_LOWER","0.128",""
"IA","HAI_1_CI_LOWER","0.377",""
"ID","HAI_1_CI_LOWER","0.154",""
"IL","HAI_1_CI_LOWER","0.453",""
"IN","HAI_1_CI_LOWER","0.563",""
"KS","HAI_1_CI_LOWER","0.324",""
"KY","HAI_1_CI_LOWER","0.593",""
"LA","HAI_1_CI_LOWER","0.653",""
"MA","HAI_1_CI_LOWER","0.368",""
"MD","HAI_1_CI_LOWER","0.450",""
"ME","HAI_1_CI_LOWER","0.570",""
"MI","HAI_1_CI_LOWER","0.376",""
"MN","HAI_1_CI_LOWER","0.361",""
"MO","HAI_1_CI_LOWER","0.369",""
"MP","HAI_1_CI_LOWER","Not Available","Results cannot be calculated for this reporting period."
"MS","HAI_1_CI_LOWER","0.726",""
"MT","HAI_1_CI_LOWER","0.475",""
"NC","HAI_1_CI_LOWER","0.438",""
"ND","HAI_1_CI_LOWER","0.285",""
"NE","HAI_1_CI_LOWER","0.440",""
"NH","HAI_1_CI_LOWER","0.208",""
"NJ","HAI_1_CI_LOWER","0.592",""
"NM","HAI_1_CI_LOWER","0.407",""
"NV","HAI_1_CI_LOWER","0.443",""
"NY","HAI_1_CI_LOWER","0.498",""
"OH","HAI_1_CI_LOWER","0.419",""
"OK","HAI_1_CI_LOWER","0.382",""
"OR","HAI_1_CI_LOWER","0.222",""
"PA","HAI_1_CI_LOWER","0.476",""
"PR","HAI_1_CI_LOWER","0.676",""
"RI","HAI_1_CI_LOWER","0.323",""
"SC","HAI_1_CI_LOWER","0.498",""
"SD","HAI_1_CI_LOWER","0.149",""
"TN","HAI_1_CI_LOWER","0.477",""
"TX","HAI_1_CI_LOWER","0.531",""
"UT","HAI_1_CI_LOWER","0.478",""
"VA","HAI_1_CI_LOWER","0.449",""
"VI","HAI_1_CI_LOWER","1.772",""
"VT","HAI_1_CI_LOWER","0.068",""
"WA","HAI_1_CI_LOWER","0.443",""
"WI","HAI_1_CI_LOWER","0.359",""
"WV","HAI_1_CI_LOWER","0.352",""
"WY","HAI_1_CI_LOWER","0.140",""
"AK","HAI_2_SIR","0.935",""
"AL","HAI_2_SIR","0.948",""
"AR","HAI_2_SIR","1.021",""
"AS","HAI_2_SIR","Not Available","Results cannot be calculated for this reporting period."
"AZ","HAI_2_SIR","1.211",""
"CA","HAI_2_SIR","1.078",""
"CO","HAI_2_SIR","0.956",""
"CT","HAI_2_SIR","1.916",""
"DC","HAI_2_SIR","1.367",""
"DE","HAI_2_SIR","1.526",""
"FL","HAI_2_SIR","0.916",""
"GA","HAI_2_SIR","1.161",""
"GU","HAI_2_SIR","Not Available","Results cannot be calculated for this reporting period."
"HI","HAI_2_SIR","0.712",""
"IA","HAI_2_SIR","0.961",""
"ID","HAI_2_SIR","1.271",""
"IL","HAI_2_SIR","1.095",""
"IN","HAI_2_SIR","1.314",""
"KS","HAI_2_SIR","0.981",""
"KY","HAI_2_SIR","1.201",""
"LA","HAI_2_SIR","0.910",""
"MA","HAI_2_SIR","1.717",""
"MD","HAI_2_SIR","2.092",""
"ME","HAI_2_SIR","2.004",""
"MI","HAI_2_SIR","1.178",""
"MN","HAI_2_SIR","1.544",""
"MO","HAI_2_SIR","1.040",""
"MP","HAI_2_SIR","Not Available","Results cannot be calculated for this reporting period."
"MS","HAI_2_SIR","1.132",""
"MT","HAI_2_SIR","1.257",""
"NC","HAI_2_SIR","1.199",""
"ND","HAI_2_SIR","0.696",""
"NE","HAI_2_SIR","1.272",""
"NH","HAI_2_SIR","1.028",""
"NJ","HAI_2_SIR","1.016",""
"NM","HAI_2_SIR","0.974",""
"NV","HAI_2_SIR","1.237",""
"NY","HAI_2_SIR","1.357",""
"OH","HAI_2_SIR","1.031",""
"OK","HAI_2_SIR","0.747",""
"OR","HAI_2_SIR","1.290",""
"PA","HAI_2_SIR","1.064",""
"PR","HAI_2_SIR","0.977",""
"RI","HAI_2_SIR","1.456",""
"SC","HAI_2_SIR","1.729",""
"SD","HAI_2_SIR","0.775",""
"TN","HAI_2_SIR","1.473",""
"TX","HAI_2_SIR","1.004",""
"UT","HAI_2_SIR","1.615",""
"VA","HAI_2_SIR","1.115",""
"VI","HAI_2_SIR","3.107",""
"VT","HAI_2_SIR","1.052",""
"WA","HAI_2_SIR","1.197",""
"WI","HAI_2_SIR","0.954",""
"WV","HAI_2_SIR","0.761",""
"WY","HAI_2_SIR","Not Available","This measure does not apply to this hospital for this reporting period."
"AK","HAI_2_CI_UPPER","1.542",""
"AL","HAI_2_CI_UPPER","1.032",""
"AR","HAI_2_CI_UPPER","1.160",""
"AS","HAI_2_CI_UPPER","Not Available","Results cannot be calculated for this reporting period."
"AZ","HAI_2_CI_UPPER","1.321",""
"CA","HAI_2_CI_UPPER","1.124",""
"CO","HAI_2_CI_UPPER","1.084",""
"CT","HAI_2_CI_UPPER","2.091",""
"DC","HAI_2_CI_UPPER","1.612",""
"DE","HAI_2_CI_UPPER","1.925",""
"FL","HAI_2_CI_UPPER","0.962",""
"GA","HAI_2_CI_UPPER","1.243",""
"GU","HAI_2_CI_UPPER","Not Available","Results cannot be calculated for this reporting period."
"HI","HAI_2_CI_UPPER","0.931",""
"IA","HAI_2_CI_UPPER","1.137",""
"ID","HAI_2_CI_UPPER","1.609",""
"IL","HAI_2_CI_UPPER","1.171",""
"IN","HAI_2_CI_UPPER","1.421",""
"KS","HAI_2_CI_UPPER","1.131",""
"KY","HAI_2_CI_UPPER","1.316",""
"LA","HAI_2_CI_UPPER","1.011",""
"MA","HAI_2_CI_UPPER","1.834",""
"MD","HAI_2_CI_UPPER","2.287",""
"ME","HAI_2_CI_UPPER","2.421",""
"MI","HAI_2_CI_UPPER","1.252",""
"MN","HAI_2_CI_UPPER","1.709",""
"MO","HAI_2_CI_UPPER","1.133",""
"MP","HAI_2_CI_UPPER","Not Available","Results cannot be calculated for this reporting period."
"MS","HAI_2_CI_UPPER","1.273",""
"MT","HAI_2_CI_UPPER","1.748",""
"NC","HAI_2_CI_UPPER","1.282",""
"ND","HAI_2_CI_UPPER","0.973",""
"NE","HAI_2_CI_UPPER","1.545",""
"NH","HAI_2_CI_UPPER","1.341",""
"NJ","HAI_2_CI_UPPER","1.099",""
"NM","HAI_2_CI_UPPER","1.187",""
"NV","HAI_2_CI_UPPER","1.388",""
"NY","HAI_2_CI_UPPER","1.418",""
"OH","HAI_2_CI_UPPER","1.094",""
"OK","HAI_2_CI_UPPER","0.852",""
"OR","HAI_2_CI_UPPER","1.474",""
"PA","HAI_2_CI_UPPER","1.123",""
"PR","HAI_2_CI_UPPER","1.176",""
"RI","HAI_2_CI_UPPER","1.780",""
"SC","HAI_2_CI_UPPER","1.873",""
"SD","HAI_2_CI_UPPER","1.136",""
"TN","HAI_2_CI_UPPER","1.567",""
"TX","HAI_2_CI_UPPER","1.052",""
"UT","HAI_2_CI_UPPER","1.845",""
"VA","HAI_2_CI_UPPER","1.213",""
"VI","HAI_2_CI_UPPER","5.713",""
"VT","HAI_2_CI_UPPER","1.521",""
"WA","HAI_2_CI_UPPER","1.333",""
"WI","HAI_2_CI_UPPER","1.072",""
"WV","HAI_2_CI_UPPER","0.890",""
"WY","HAI_2_CI_UPPER","Not Available","This measure does not apply to this hospital for this reporting period."
"AK","HAI_2_CI_LOWER","0.523",""
"AL","HAI_2_CI_LOWER","0.869",""
"AR","HAI_2_CI_LOWER","0.894",""
"AS","HAI_2_CI_LOWER","Not Available","Results cannot be calculated for this reporting period."
"AZ","HAI_2_CI_LOWER","1.108",""
"CA","HAI_2_CI_LOWER","1.033",""
"CO","HAI_2_CI_LOWER","0.840",""
"CT","HAI_2_CI_LOWER","1.753",""
"DC","HAI_2_CI_LOWER","1.151",""
"DE","HAI_2_CI_LOWER","1.192",""
"FL","HAI_2_CI_LOWER","0.871",""
"GA","HAI_2_CI_LOWER","1.083",""
"GU","HAI_2_CI_LOWER","Not Available","Results cannot be calculated for this reporting period."
"HI","HAI_2_CI_LOWER","0.533",""
"IA","HAI_2_CI_LOWER","0.807",""
"ID","HAI_2_CI_LOWER","0.989",""
"IL","HAI_2_CI_LOWER","1.023",""
"IN","HAI_2_CI_LOWER","1.214",""
"KS","HAI_2_CI_LOWER","0.846",""
"KY","HAI_2_CI_LOWER","1.093",""
"LA","HAI_2_CI_LOWER","0.817",""
"MA","HAI_2_CI_LOWER","1.605",""
"MD","HAI_2_CI_LOWER","1.911",""
"ME","HAI_2_CI_LOWER","1.642",""
"MI","HAI_2_CI_LOWER","1.106",""
"MN","HAI_2_CI_LOWER","1.391",""
"MO","HAI_2_CI_LOWER","0.953",""
"MP","HAI_2_CI_LOWER","Not Available","Results cannot be calculated for this reporting period."
"MS","HAI_2_CI_LOWER","1.003",""
"MT","HAI_2_CI_LOWER","0.875",""
"NC","HAI_2_CI_LOWER","1.120",""
"ND","HAI_2_CI_LOWER","0.482",""
"NE","HAI_2_CI_LOWER","1.038",""
"NH","HAI_2_CI_LOWER","0.772",""
"NJ","HAI_2_CI_LOWER","0.938",""
"NM","HAI_2_CI_LOWER","0.791",""
"NV","HAI_2_CI_LOWER","1.099",""
"NY","HAI_2_CI_LOWER","1.298",""
"OH","HAI_2_CI_LOWER","0.970",""
"OK","HAI_2_CI_LOWER","0.651",""
"OR","HAI_2_CI_LOWER","1.124",""
"PA","HAI_2_CI_LOWER","1.007",""
"PR","HAI_2_CI_LOWER","0.805",""
"RI","HAI_2_CI_LOWER","1.178",""
"SC","HAI_2_CI_LOWER","1.594",""
"SD","HAI_2_CI_LOWER","0.506",""
"TN","HAI_2_CI_LOWER","1.383",""
"TX","HAI_2_CI_LOWER","0.956",""
"UT","HAI_2_CI_LOWER","1.407",""
"VA","HAI_2_CI_LOWER","1.022",""
"VI","HAI_2_CI_LOWER","1.490",""
"VT","HAI_2_CI_LOWER","0.699",""
"WA","HAI_2_CI_LOWER","1.072",""
"WI","HAI_2_CI_LOWER","0.846",""
"WV","HAI_2_CI_LOWER","0.647",""
"WY","HAI_2_CI_LOWER","Not Available","This measure does not apply to this hospital for this reporting period."
"AK","HAI_3_SIR","1.222",""
"AL","HAI_3_SIR","0.575",""
"AR","HAI_3_SIR","0.753",""
"AS","HAI_3_SIR","Not Available","Results cannot be calculated for this reporting period."
"AZ","HAI_3_SIR","1.134",""
"CA","HAI_3_SIR","0.764",""
"CO","HAI_3_SIR","0.827",""
"CT","HAI_3_SIR","1.194",""
"DC","HAI_3_SIR","0.721",""
"DE","HAI_3_SIR","0.509",""
"FL","HAI_3_SIR","0.782",""
"GA","HAI_3_SIR","0.811",""
"GU","HAI_3_SIR","Not Available","Results cannot be calculated for this reporting period."
"HI","HAI_3_SIR","1.122",""
"IA","HAI_3_SIR","1.149",""
"ID","HAI_3_SIR","0.815",""
"IL","HAI_3_SIR","0.735",""
"IN","HAI_3_SIR","1.103",""
"KS","HAI_3_SIR","1.174",""
"KY","HAI_3_SIR","0.753",""
"LA","HAI_3_SIR","1.101",""
"MA","HAI_3_SIR","1.004",""
"MD","HAI_3_SIR","0.885",""
"ME","HAI_3_SIR","1.464",""
"MI","HAI_3_SIR","0.895",""
"MN","HAI_3_SIR","0.918",""
"MO","HAI_3_SIR","0.655",""
"MP","HAI_3_SIR","Not Available","Results cannot be calculated for this reporting period."
"MS","HAI_3_SIR","0.791",""
"MT","HAI_3_SIR","0.871",""
"NC","HAI_3_SIR","0.884",""
"ND","HAI_3_SIR","1.368",""
"NE","HAI_3_SIR","1.105",""
"NH","HAI_3_SIR","0.853",""
"NJ","HAI_3_SIR","0.700",""
"NM","HAI_3_SIR","0.675",""
"NV","HAI_3_SIR","1.138",""
"NY","HAI_3_SIR","1.018",""
"OH","HAI_3_SIR","0.737",""
"OK","HAI_3_SIR","0.996",""
"OR","HAI_3_SIR","0.775",""
"PA","HAI_3_SIR","0.917",""
"PR","HAI_3_SIR","Not Available","Results cannot be calculated for this reporting period."
"RI","HAI_3_SIR","1.266",""
"SC","HAI_3_SIR","0.845",""
"SD","HAI_3_SIR","0.645",""
"TN","HAI_3_SIR","0.970",""
"TX","HAI_3_SIR","0.737",""
"UT","HAI_3_SIR","1.480",""
"VA","HAI_3_SIR","0.939",""
"VI","HAI_3_SIR","Not Available","Results cannot be calculated for this reporting period."
"VT","HAI_3_SIR","2.158",""
"WA","HAI_3_SIR","0.871",""
"WI","HAI_3_SIR","0.941",""
"WV","HAI_3_SIR","0.865",""
"WY","HAI_3_SIR","0.846",""
"AK","HAI_3_CI_UPPER","1.850",""
"AL","HAI_3_CI_UPPER","0.697",""
"AR","HAI_3_CI_UPPER","0.955",""
"AS","HAI_3_CI_UPPER","Not Available","Results cannot be calculated for this reporting period."
"AZ","HAI_3_CI_UPPER","1.297",""
"CA","HAI_3_CI_UPPER","0.826",""
"CO","HAI_3_CI_UPPER","0.995",""
"CT","HAI_3_CI_UPPER","1.420",""
"DC","HAI_3_CI_UPPER","1.102",""
"DE","HAI_3_CI_UPPER","0.804",""
"FL","HAI_3_CI_UPPER","0.854",""
"GA","HAI_3_CI_UPPER","0.922",""
"GU","HAI_3_CI_UPPER","Not Available","Results cannot be calculated for this reporting period."
"HI","HAI_3_CI_UPPER","1.560",""
"IA","HAI_3_CI_UPPER","1.402",""
"ID","HAI_3_CI_UPPER","1.171",""
"IL","HAI_3_CI_UPPER","0.830",""
"IN","HAI_3_CI_UPPER","1.256",""
"KS","HAI_3_CI_UPPER","1.432",""
"KY","HAI_3_CI_UPPER","0.903",""
"LA","HAI_3_CI_UPPER","1.288",""
"MA","HAI_3_CI_UPPER","1.156",""
"MD","HAI_3_CI_UPPER","1.280",""
"ME","HAI_3_CI_UPPER","1.893",""
"MI","HAI_3_CI_UPPER","1.006",""
"MN","HAI_3_CI_UPPER","1.082",""
"MO","HAI_3_CI_UPPER","0.767",""
"MP","HAI_3_CI_UPPER","Not Available","Results cannot be calculated for this reporting period."
"MS","HAI_3_CI_UPPER","0.996",""
"MT","HAI_3_CI_UPPER","1.319",""
"NC","HAI_3_CI_UPPER","1.000",""
"ND","HAI_3_CI_UPPER","1.953",""
"NE","HAI_3_CI_UPPER","1.417",""
"NH","HAI_3_CI_UPPER","1.204",""
"NJ","HAI_3_CI_UPPER","0.813",""
"NM","HAI_3_CI_UPPER","0.982",""
"NV","HAI_3_CI_UPPER","1.441",""
"NY","HAI_3_CI_UPPER","1.112",""
"OH","HAI_3_CI_UPPER","0.821",""
"OK","HAI_3_CI_UPPER","1.188",""
"OR","HAI_3_CI_UPPER","0.950",""
"PA","HAI_3_CI_UPPER","1.006",""
"PR","HAI_3_CI_UPPER","Not Available","Results cannot be calculated for this reporting period."
"RI","HAI_3_CI_UPPER","1.738",""
"SC","HAI_3_CI_UPPER","1.013",""
"SD","HAI_3_CI_UPPER","1.019",""
"TN","HAI_3_CI_UPPER","1.110",""
"TX","HAI_3_CI_UPPER","0.806",""
"UT","HAI_3_CI_UPPER","1.822",""
"VA","HAI_3_CI_UPPER","1.080",""
"VI","HAI_3_CI_UPPER","Not Available","Results cannot be calculated for this reporting period."
"VT","HAI_3_CI_UPPER","3.140",""
"WA","HAI_3_CI_UPPER","1.030",""
"WI","HAI_3_CI_UPPER","1.096",""
"WV","HAI_3_CI_UPPER","1.118",""
"WY","HAI_3_CI_UPPER","1.666",""
"AK","HAI_3_CI_LOWER","0.766",""
"AL","HAI_3_CI_LOWER","0.470",""
"AR","HAI_3_CI_LOWER","0.585",""
"AS","HAI_3_CI_LOWER","Not Available","Results cannot be calculated for this reporting period."
"AZ","HAI_3_CI_LOWER","0.987",""
"CA","HAI_3_CI_LOWER","0.705",""
"CO","HAI_3_CI_LOWER","0.681",""
"CT","HAI_3_CI_LOWER","0.995",""
"DC","HAI_3_CI_LOWER","0.446",""
"DE","HAI_3_CI_LOWER","0.301",""
"FL","HAI_3_CI_LOWER","0.715",""
"GA","HAI_3_CI_LOWER","0.709",""
"GU","HAI_3_CI_LOWER","Not Available","Results cannot be calculated for this reporting period."
"HI","HAI_3_CI_LOWER","0.781",""
"IA","HAI_3_CI_LOWER","0.932",""
"ID","HAI_3_CI_LOWER","0.546",""
"IL","HAI_3_CI_LOWER","0.649",""
"IN","HAI_3_CI_LOWER","0.965",""
"KS","HAI_3_CI_LOWER","0.952",""
"KY","HAI_3_CI_LOWER","0.622",""
"LA","HAI_3_CI_LOWER","0.934",""
"MA","HAI_3_CI_LOWER","0.867",""
"MD","HAI_3_CI_LOWER","0.588",""
"ME","HAI_3_CI_LOWER","1.112",""
"MI","HAI_3_CI_LOWER","0.793",""
"MN","HAI_3_CI_LOWER","0.772",""
"MO","HAI_3_CI_LOWER","0.556",""
"MP","HAI_3_CI_LOWER","Not Available","Results cannot be calculated for this reporting period."
"MS","HAI_3_CI_LOWER","0.619",""
"MT","HAI_3_CI_LOWER","0.546",""
"NC","HAI_3_CI_LOWER","0.778",""
"ND","HAI_3_CI_LOWER","0.923",""
"NE","HAI_3_CI_LOWER","0.847",""
"NH","HAI_3_CI_LOWER","0.583",""
"NJ","HAI_3_CI_LOWER","0.600",""
"NM","HAI_3_CI_LOWER","0.445",""
"NV","HAI_3_CI_LOWER","0.886",""
"NY","HAI_3_CI_LOWER","0.930",""
"OH","HAI_3_CI_LOWER","0.659",""
"OK","HAI_3_CI_LOWER","0.828",""
"OR","HAI_3_CI_LOWER","0.625",""
"PA","HAI_3_CI_LOWER","0.834",""
"PR","HAI_3_CI_LOWER","Not Available","Results cannot be calculated for this reporting period."
"RI","HAI_3_CI_LOWER","0.896",""
"SC","HAI_3_CI_LOWER","0.699",""
"SD","HAI_3_CI_LOWER","0.382",""
"TN","HAI_3_CI_LOWER","0.844",""
"TX","HAI_3_CI_LOWER","0.672",""
"UT","HAI_3_CI_LOWER","1.189",""
"VA","HAI_3_CI_LOWER","0.813",""
"VI","HAI_3_CI_LOWER","Not Available","Results cannot be calculated for this reporting period."
"VT","HAI_3_CI_LOWER","1.422",""
"WA","HAI_3_CI_LOWER","0.731",""
"WI","HAI_3_CI_LOWER","0.803",""
"WV","HAI_3_CI_LOWER","0.657",""
"WY","HAI_3_CI_LOWER","0.365",""
"AK","HAI_4_SIR","0.189",""
"AL","HAI_4_SIR","0.509",""
"AR","HAI_4_SIR","0.783",""
"AS","HAI_4_SIR","Not Available","Results cannot be calculated for this reporting period."
"AZ","HAI_4_SIR","0.839",""
"CA","HAI_4_SIR","0.825",""
"CO","HAI_4_SIR","1.141",""
"CT","HAI_4_SIR","1.543",""
"DC","HAI_4_SIR","0.970",""
"DE","HAI_4_SIR","1.099",""
"FL","HAI_4_SIR","0.938",""
"GA","HAI_4_SIR","0.785",""
"GU","HAI_4_SIR","Not Available","Results cannot be calculated for this reporting period."
"HI","HAI_4_SIR","0.688",""
"IA","HAI_4_SIR","0.979",""
"ID","HAI_4_SIR","0.642",""
"IL","HAI_4_SIR","0.793",""
"IN","HAI_4_SIR","0.727",""
"KS","HAI_4_SIR","0.563",""
"KY","HAI_4_SIR","1.124",""
"LA","HAI_4_SIR","1.147",""
"MA","HAI_4_SIR","1.160",""
"MD","HAI_4_SIR","1.365",""
"ME","HAI_4_SIR","1.119",""
"MI","HAI_4_SIR","1.251",""
"MN","HAI_4_SIR","1.359",""
"MO","HAI_4_SIR","0.752",""
"MP","HAI_4_SIR","Not Available","Results cannot be calculated for this reporting period."
"MS","HAI_4_SIR","0.944",""
"MT","HAI_4_SIR","1.225",""
"NC","HAI_4_SIR","0.806",""
"ND","HAI_4_SIR","1.528",""
"NE","HAI_4_SIR","0.624",""
"NH","HAI_4_SIR","1.426",""
"NJ","HAI_4_SIR","0.922",""
"NM","HAI_4_SIR","0.931",""
"NV","HAI_4_SIR","0.903",""
"NY","HAI_4_SIR","1.333",""
"OH","HAI_4_SIR","0.692",""
"OK","HAI_4_SIR","0.494",""
"OR","HAI_4_SIR","0.719",""
"PA","HAI_4_SIR","0.966",""
"PR","HAI_4_SIR","Not Available","Results cannot be calculated for this reporting period."
"RI","HAI_4_SIR","1.453",""
"SC","HAI_4_SIR","0.809",""
"SD","HAI_4_SIR","1.248",""
"TN","HAI_4_SIR","0.758",""
"TX","HAI_4_SIR","0.778",""
"UT","HAI_4_SIR","1.372",""
"VA","HAI_4_SIR","0.794",""
"VI","HAI_4_SIR","Not Available","Results cannot be calculated for this reporting period."
"VT","HAI_4_SIR","0.936",""
"WA","HAI_4_SIR","0.656",""
"WI","HAI_4_SIR","0.996",""
"WV","HAI_4_SIR","0.789",""
"WY","HAI_4_SIR","0.640",""
"AK","HAI_4_CI_UPPER","1.053",""
"AL","HAI_4_CI_UPPER","0.699",""
"AR","HAI_4_CI_UPPER","1.174",""
"AS","HAI_4_CI_UPPER","Not Available","Results cannot be calculated for this reporting period."
"AZ","HAI_4_CI_UPPER","1.112",""
"CA","HAI_4_CI_UPPER","0.951",""
"CO","HAI_4_CI_UPPER","1.587",""
"CT","HAI_4_CI_UPPER","2.041",""
"DC","HAI_4_CI_UPPER","1.998",""
"DE","HAI_4_CI_UPPER","1.920",""
"FL","HAI_4_CI_UPPER","1.104",""
"GA","HAI_4_CI_UPPER","0.970",""
"GU","HAI_4_CI_UPPER","Not Available","Results cannot be calculated for this reporting period."
"HI","HAI_4_CI_UPPER","1.761",""
"IA","HAI_4_CI_UPPER","1.512",""
"ID","HAI_4_CI_UPPER","1.498",""
"IL","HAI_4_CI_UPPER","0.983",""
"IN","HAI_4_CI_UPPER","0.967",""
"KS","HAI_4_CI_UPPER","0.963",""
"KY","HAI_4_CI_UPPER","1.450",""
"LA","HAI_4_CI_UPPER","1.480",""
"MA","HAI_4_CI_UPPER","1.525",""
"MD","HAI_4_CI_UPPER","2.131",""
"ME","HAI_4_CI_UPPER","2.205",""
"MI","HAI_4_CI_UPPER","1.518",""
"MN","HAI_4_CI_UPPER","1.773",""
"MO","HAI_4_CI_UPPER","0.991",""
"MP","HAI_4_CI_UPPER","Not Available","Results cannot be calculated for this reporting period."
"MS","HAI_4_CI_UPPER","1.296",""
"MT","HAI_4_CI_UPPER","2.414",""
"NC","HAI_4_CI_UPPER","1.010",""
"ND","HAI_4_CI_UPPER","3.011",""
"NE","HAI_4_CI_UPPER","1.116",""
"NH","HAI_4_CI_UPPER","2.490",""
"NJ","HAI_4_CI_UPPER","1.176",""
"NM","HAI_4_CI_UPPER","1.592",""
"NV","HAI_4_CI_UPPER","1.410",""
"NY","HAI_4_CI_UPPER","1.532",""
"OH","HAI_4_CI_UPPER","0.854",""
"OK","HAI_4_CI_UPPER","0.772",""
"OR","HAI_4_CI_UPPER","1.089",""
"PA","HAI_4_CI_UPPER","1.152",""
"PR","HAI_4_CI_UPPER","Not Available","Results cannot be calculated for this reporting period."
"RI","HAI_4_CI_UPPER","2.439",""
"SC","HAI_4_CI_UPPER","1.083",""
"SD","HAI_4_CI_UPPER","2.369",""
"TN","HAI_4_CI_UPPER","0.974",""
"TX","HAI_4_CI_UPPER","0.898",""
"UT","HAI_4_CI_UPPER","1.927",""
"VA","HAI_4_CI_UPPER","1.036",""
"VI","HAI_4_CI_UPPER","Not Available","Results cannot be calculated for this reporting period."
"VT","HAI_4_CI_UPPER","2.396",""
"WA","HAI_4_CI_UPPER","0.922",""
"WI","HAI_4_CI_UPPER","1.329",""
"WV","HAI_4_CI_UPPER","1.219",""
"WY","HAI_4_CI_UPPER","2.313",""
"AK","HAI_4_CI_LOWER","0.005",""
"AL","HAI_4_CI_LOWER","0.360",""
"AR","HAI_4_CI_LOWER","0.496",""
"AS","HAI_4_CI_LOWER","Not Available","Results cannot be calculated for this reporting period."
"AZ","HAI_4_CI_LOWER","0.618",""
"CA","HAI_4_CI_LOWER","0.712",""
"CO","HAI_4_CI_LOWER","0.795",""
"CT","HAI_4_CI_LOWER","1.142",""
"DC","HAI_4_CI_LOWER","0.390",""
"DE","HAI_4_CI_LOWER","0.568",""
"FL","HAI_4_CI_LOWER","0.791",""
"GA","HAI_4_CI_LOWER","0.628",""
"GU","HAI_4_CI_LOWER","Not Available","Results cannot be calculated for this reporting period."
"HI","HAI_4_CI_LOWER","0.187",""
"IA","HAI_4_CI_LOWER","0.598",""
"ID","HAI_4_CI_LOWER","0.208",""
"IL","HAI_4_CI_LOWER","0.632",""
"IN","HAI_4_CI_LOWER","0.534",""
"KS","HAI_4_CI_LOWER","0.300",""
"KY","HAI_4_CI_LOWER","0.855",""
"LA","HAI_4_CI_LOWER","0.873",""
"MA","HAI_4_CI_LOWER","0.864",""
"MD","HAI_4_CI_LOWER","0.821",""
"ME","HAI_4_CI_LOWER","0.483",""
"MI","HAI_4_CI_LOWER","1.021",""
"MN","HAI_4_CI_LOWER","1.021",""
"MO","HAI_4_CI_LOWER","0.558",""
"MP","HAI_4_CI_LOWER","Not Available","Results cannot be calculated for this reporting period."
"MS","HAI_4_CI_LOWER","0.668",""
"MT","HAI_4_CI_LOWER","0.529",""
"NC","HAI_4_CI_LOWER","0.634",""
"ND","HAI_4_CI_LOWER","0.660",""
"NE","HAI_4_CI_LOWER","0.311",""
"NH","HAI_4_CI_LOWER","0.737",""
"NJ","HAI_4_CI_LOWER","0.712",""
"NM","HAI_4_CI_LOWER","0.496",""
"NV","HAI_4_CI_LOWER","0.543",""
"NY","HAI_4_CI_LOWER","1.155",""
"OH","HAI_4_CI_LOWER","0.553",""
"OK","HAI_4_CI_LOWER","0.298",""
"OR","HAI_4_CI_LOWER","0.451",""
"PA","HAI_4_CI_LOWER","0.803",""
"PR","HAI_4_CI_LOWER","Not Available","Results cannot be calculated for this reporting period."
"RI","HAI_4_CI_LOWER","0.795",""
"SC","HAI_4_CI_LOWER","0.590",""
"SD","HAI_4_CI_LOWER","0.571",""
"TN","HAI_4_CI_LOWER","0.580",""
"TX","HAI_4_CI_LOWER","0.671",""
"UT","HAI_4_CI_LOWER","0.944",""
"VA","HAI_4_CI_LOWER","0.596",""
"VI","HAI_4_CI_LOWER","Not Available","Results cannot be calculated for this reporting period."
"VT","HAI_4_CI_LOWER","0.255",""
"WA","HAI_4_CI_LOWER","0.452",""
"WI","HAI_4_CI_LOWER","0.729",""
"WV","HAI_4_CI_LOWER","0.482",""
"WY","HAI_4_CI_LOWER","0.078",""
"AK","HAI_5_SIR","0.204",""
"AL","HAI_5_SIR","1.546",""
"AR","HAI_5_SIR","1.328",""
"AS","HAI_5_SIR","Not Available","This measure does not apply to this hospital for this reporting period."
"AZ","HAI_5_SIR","1.044",""
"CA","HAI_5_SIR","0.758",""
"CO","HAI_5_SIR","0.877",""
"CT","HAI_5_SIR","0.901",""
"DC","HAI_5_SIR","1.983",""
"DE","HAI_5_SIR","1.120",""
"FL","HAI_5_SIR","1.226",""
"GA","HAI_5_SIR","1.068",""
"GU","HAI_5_SIR","Not Available","This measure does not apply to this hospital for this reporting period."
"HI","HAI_5_SIR","0.579",""
"IA","HAI_5_SIR","0.516",""
"ID","HAI_5_SIR","0.739",""
"IL","HAI_5_SIR","0.682",""
"IN","HAI_5_SIR","0.840",""
"KS","HAI_5_SIR","0.479",""
"KY","HAI_5_SIR","1.033",""
"LA","HAI_5_SIR","1.307",""
"MA","HAI_5_SIR","0.637",""
"MD","HAI_5_SIR","0.939",""
"ME","HAI_5_SIR","0.729",""
"MI","HAI_5_SIR","1.112",""
"MN","HAI_5_SIR","0.630",""
"MO","HAI_5_SIR","0.771",""
"MP","HAI_5_SIR","Not Available","This measure does not apply to this hospital for this reporting period."
"MS","HAI_5_SIR","1.159",""
"MT","HAI_5_SIR","0.494",""
"NC","HAI_5_SIR","0.880",""
"ND","HAI_5_SIR","1.027",""
"NE","HAI_5_SIR","0.781",""
"NH","HAI_5_SIR","0.262",""
"NJ","HAI_5_SIR","1.221",""
"NM","HAI_5_SIR","0.213",""
"NV","HAI_5_SIR","0.608",""
"NY","HAI_5_SIR","1.141",""
"OH","HAI_5_SIR","0.885",""
"OK","HAI_5_SIR","1.007",""
"OR","HAI_5_SIR","0.673",""
"PA","HAI_5_SIR","1.110",""
"PR","HAI_5_SIR","0.157",""
"RI","HAI_5_SIR","0.997",""
"SC","HAI_5_SIR","0.947",""
"SD","HAI_5_SIR","0.712",""
"TN","HAI_5_SIR","1.176",""
"TX","HAI_5_SIR","0.918",""
"UT","HAI_5_SIR","0.652",""
"VA","HAI_5_SIR","0.992",""
"VI","HAI_5_SIR","Not Available","Results cannot be calculated for this reporting period."
"VT","HAI_5_SIR","0.279",""
"WA","HAI_5_SIR","0.811",""
"WI","HAI_5_SIR","0.618",""
"WV","HAI_5_SIR","0.999",""
"WY","HAI_5_SIR","0.339",""
"AK","HAI_5_CI_UPPER","1.135",""
"AL","HAI_5_CI_UPPER","1.815",""
"AR","HAI_5_CI_UPPER","1.709",""
"AS","HAI_5_CI_UPPER","Not Available","This measure does not apply to this hospital for this reporting period."
"AZ","HAI_5_CI_UPPER","1.274",""
"CA","HAI_5_CI_UPPER","0.841",""
"CO","HAI_5_CI_UPPER","1.190",""
"CT","HAI_5_CI_UPPER","1.144",""
"DC","HAI_5_CI_UPPER","2.581",""
"DE","HAI_5_CI_UPPER","1.749",""
"FL","HAI_5_CI_UPPER","1.343",""
"GA","HAI_5_CI_UPPER","1.242",""
"GU","HAI_5_CI_UPPER","Not Available","This measure does not apply to this hospital for this reporting period."
"HI","HAI_5_CI_UPPER","1.064",""
"IA","HAI_5_CI_UPPER","0.774",""
"ID","HAI_5_CI_UPPER","1.456",""
"IL","HAI_5_CI_UPPER","0.805",""
"IN","HAI_5_CI_UPPER","1.032",""
"KS","HAI_5_CI_UPPER","0.726",""
"KY","HAI_5_CI_UPPER","1.282",""
"LA","HAI_5_CI_UPPER","1.567",""
"MA","HAI_5_CI_UPPER","0.799",""
"MD","HAI_5_CI_UPPER","2.190",""
"ME","HAI_5_CI_UPPER","1.274",""
"MI","HAI_5_CI_UPPER","1.269",""
"MN","HAI_5_CI_UPPER","0.855",""
"MO","HAI_5_CI_UPPER","0.947",""
"MP","HAI_5_CI_UPPER","Not Available","This measure does not apply to this hospital for this reporting period."
"MS","HAI_5_CI_UPPER","1.470",""
"MT","HAI_5_CI_UPPER","1.265",""
"NC","HAI_5_CI_UPPER","1.031",""
"ND","HAI_5_CI_UPPER","1.757",""
"NE","HAI_5_CI_UPPER","1.144",""
"NH","HAI_5_CI_UPPER","0.671",""
"NJ","HAI_5_CI_UPPER","1.400",""
"NM","HAI_5_CI_UPPER","0.498",""
"NV","HAI_5_CI_UPPER","0.929",""
"NY","HAI_5_CI_UPPER","1.245",""
"OH","HAI_5_CI_UPPER","1.015",""
"OK","HAI_5_CI_UPPER","1.270",""
"OR","HAI_5_CI_UPPER","0.979",""
"PA","HAI_5_CI_UPPER","1.245",""
"PR","HAI_5_CI_UPPER","0.875",""
"RI","HAI_5_CI_UPPER","1.557",""
"SC","HAI_5_CI_UPPER","1.166",""
"SD","HAI_5_CI_UPPER","1.309",""
"TN","HAI_5_CI_UPPER","1.366",""
"TX","HAI_5_CI_UPPER","1.020",""
"UT","HAI_5_CI_UPPER","1.031",""
"VA","HAI_5_CI_UPPER","1.191",""
"VI","HAI_5_CI_UPPER","Not Available","Results cannot be calculated for this reporting period."
"VT","HAI_5_CI_UPPER","1.009",""
"WA","HAI_5_CI_UPPER","1.053",""
"WI","HAI_5_CI_UPPER","0.848",""
"WV","HAI_5_CI_UPPER","1.346",""
"WY","HAI_5_CI_UPPER","1.889",""
"AK","HAI_5_CI_LOWER","0.005",""
"AL","HAI_5_CI_LOWER","1.308",""
"AR","HAI_5_CI_LOWER","1.013",""
"AS","HAI_5_CI_LOWER","Not Available","This measure does not apply to this hospital for this reporting period."
"AZ","HAI_5_CI_LOWER","0.847",""
"CA","HAI_5_CI_LOWER","0.682",""
"CO","HAI_5_CI_LOWER","0.629",""
"CT","HAI_5_CI_LOWER","0.698",""
"DC","HAI_5_CI_LOWER","1.494",""
"DE","HAI_5_CI_LOWER","0.674",""
"FL","HAI_5_CI_LOWER","1.116",""
"GA","HAI_5_CI_LOWER","0.913",""
"GU","HAI_5_CI_LOWER","Not Available","This measure does not apply to this hospital for this reporting period."
"HI","HAI_5_CI_LOWER","0.277",""
"IA","HAI_5_CI_LOWER","0.327",""
"ID","HAI_5_CI_LOWER","0.319",""
"IL","HAI_5_CI_LOWER","0.574",""
"IN","HAI_5_CI_LOWER","0.677",""
"KS","HAI_5_CI_LOWER","0.300",""
"KY","HAI_5_CI_LOWER","0.822",""
"LA","HAI_5_CI_LOWER","1.081",""
"MA","HAI_5_CI_LOWER","0.501",""
"MD","HAI_5_CI_LOWER","0.305",""
"ME","HAI_5_CI_LOWER","0.377",""
"MI","HAI_5_CI_LOWER","0.971",""
"MN","HAI_5_CI_LOWER","0.452",""
"MO","HAI_5_CI_LOWER","0.620",""
"MP","HAI_5_CI_LOWER","Not Available","This measure does not apply to this hospital for this reporting period."
"MS","HAI_5_CI_LOWER","0.900",""
"MT","HAI_5_CI_LOWER","0.135",""
"NC","HAI_5_CI_LOWER","0.746",""
"ND","HAI_5_CI_LOWER","0.547",""
"NE","HAI_5_CI_LOWER","0.510",""
"NH","HAI_5_CI_LOWER","0.071",""
"NJ","HAI_5_CI_LOWER","1.059",""
"NM","HAI_5_CI_LOWER","0.069",""
"NV","HAI_5_CI_LOWER","0.376",""
"NY","HAI_5_CI_LOWER","1.045",""
"OH","HAI_5_CI_LOWER","0.767",""
"OK","HAI_5_CI_LOWER","0.786",""
"OR","HAI_5_CI_LOWER","0.443",""
"PA","HAI_5_CI_LOWER","0.987",""
"PR","HAI_5_CI_LOWER","0.004",""
"RI","HAI_5_CI_LOWER","0.600",""
"SC","HAI_5_CI_LOWER","0.761",""
"SD","HAI_5_CI_LOWER","0.341",""
"TN","HAI_5_CI_LOWER","1.005",""
"TX","HAI_5_CI_LOWER","0.823",""
"UT","HAI_5_CI_LOWER","0.386",""
"VA","HAI_5_CI_LOWER","0.818",""
"VI","HAI_5_CI_LOWER","Not Available","Results cannot be calculated for this reporting period."
"VT","HAI_5_CI_LOWER","0.034",""
"WA","HAI_5_CI_LOWER","0.613",""
"WI","HAI_5_CI_LOWER","0.437",""
"WV","HAI_5_CI_LOWER","0.723",""
"WY","HAI_5_CI_LOWER","0.009",""
"AK","HAI_6_SIR","0.667",""
"AL","HAI_6_SIR","0.652",""
"AR","HAI_6_SIR","0.715",""
"AS","HAI_6_SIR","Not Available","This measure does not apply to this hospital for this reporting period."
"AZ","HAI_6_SIR","1.181",""
"CA","HAI_6_SIR","1.075",""
"CO","HAI_6_SIR","1.073",""
"CT","HAI_6_SIR","1.084",""
"DC","HAI_6_SIR","0.993",""
"DE","HAI_6_SIR","1.095",""
"FL","HAI_6_SIR","0.945",""
"GA","HAI_6_SIR","0.831",""
"GU","HAI_6_SIR","Not Available","This measure does not apply to this hospital for this reporting period."
"HI","HAI_6_SIR","0.665",""
"IA","HAI_6_SIR","0.835",""
"ID","HAI_6_SIR","0.604",""
"IL","HAI_6_SIR","0.907",""
"IN","HAI_6_SIR","0.883",""
"KS","HAI_6_SIR","0.928",""
"KY","HAI_6_SIR","0.976",""
"LA","HAI_6_SIR","0.612",""
"MA","HAI_6_SIR","1.036",""
"MD","HAI_6_SIR","1.200",""
"ME","HAI_6_SIR","0.563",""
"MI","HAI_6_SIR","0.977",""
"MN","HAI_6_SIR","0.898",""
"MO","HAI_6_SIR","0.892",""
"MP","HAI_6_SIR","Not Available","This measure does not apply to this hospital for this reporting period."
"MS","HAI_6_SIR","0.562",""
"MT","HAI_6_SIR","0.820",""
"NC","HAI_6_SIR","0.849",""
"ND","HAI_6_SIR","0.757",""
"NE","HAI_6_SIR","0.631",""
"NH","HAI_6_SIR","0.856",""
"NJ","HAI_6_SIR","1.102",""
"NM","HAI_6_SIR","1.156",""
"NV","HAI_6_SIR","1.192",""
"NY","HAI_6_SIR","1.026",""
"OH","HAI_6_SIR","0.946",""
"OK","HAI_6_SIR","0.901",""
"OR","HAI_6_SIR","0.751",""
"PA","HAI_6_SIR","0.947",""
"PR","HAI_6_SIR","0.338",""
"RI","HAI_6_SIR","1.239",""
"SC","HAI_6_SIR","0.729",""
"SD","HAI_6_SIR","0.623",""
"TN","HAI_6_SIR","0.782",""
"TX","HAI_6_SIR","0.815",""
"UT","HAI_6_SIR","0.734",""
"VA","HAI_6_SIR","1.063",""
"VI","HAI_6_SIR","0.604",""
"VT","HAI_6_SIR","0.514",""
"WA","HAI_6_SIR","0.947",""
"WI","HAI_6_SIR","0.830",""
"WV","HAI_6_SIR","1.042",""
"WY","HAI_6_SIR","0.865",""
"AK","HAI_6_CI_UPPER","0.889",""
"AL","HAI_6_CI_UPPER","0.705",""
"AR","HAI_6_CI_UPPER","0.798",""
"AS","HAI_6_CI_UPPER","Not Available","This measure does not apply to this hospital for this reporting period."
"AZ","HAI_6_CI_UPPER","1.250",""
"CA","HAI_6_CI_UPPER","1.104",""
"CO","HAI_6_CI_UPPER","1.160",""
"CT","HAI_6_CI_UPPER","1.163",""
"DC","HAI_6_CI_UPPER","1.126",""
"DE","HAI_6_CI_UPPER","1.265",""
"FL","HAI_6_CI_UPPER","0.976",""
"GA","HAI_6_CI_UPPER","0.878",""
"GU","HAI_6_CI_UPPER","Not Available","This measure does not apply to this hospital for this reporting period."
"HI","HAI_6_CI_UPPER","0.800",""
"IA","HAI_6_CI_UPPER","0.918",""
"ID","HAI_6_CI_UPPER","0.741",""
"IL","HAI_6_CI_UPPER","0.946",""
"IN","HAI_6_CI_UPPER","0.938",""
"KS","HAI_6_CI_UPPER","1.021",""
"KY","HAI_6_CI_UPPER","1.043",""
"LA","HAI_6_CI_UPPER","0.668",""
"MA","HAI_6_CI_UPPER","1.094",""
"MD","HAI_6_CI_UPPER","1.308",""
"ME","HAI_6_CI_UPPER","0.677",""
"MI","HAI_6_CI_UPPER","1.020",""
"MN","HAI_6_CI_UPPER","0.964",""
"MO","HAI_6_CI_UPPER","0.947",""
"MP","HAI_6_CI_UPPER","Not Available","This measure does not apply to this hospital for this reporting period."
"MS","HAI_6_CI_UPPER","0.628",""
"MT","HAI_6_CI_UPPER","1.001",""
"NC","HAI_6_CI_UPPER","0.895",""
"ND","HAI_6_CI_UPPER","0.919",""
"NE","HAI_6_CI_UPPER","0.736",""
"NH","HAI_6_CI_UPPER","1.001",""
"NJ","HAI_6_CI_UPPER","1.154",""
"NM","HAI_6_CI_UPPER","1.299",""
"NV","HAI_6_CI_UPPER","1.307",""
"NY","HAI_6_CI_UPPER","1.055",""
"OH","HAI_6_CI_UPPER","0.986",""
"OK","HAI_6_CI_UPPER","0.975",""
"OR","HAI_6_CI_UPPER","0.835",""
"PA","HAI_6_CI_UPPER","0.984",""
"PR","HAI_6_CI_UPPER","0.528",""
"RI","HAI_6_CI_UPPER","1.386",""
"SC","HAI_6_CI_UPPER","0.787",""
"SD","HAI_6_CI_UPPER","0.758",""
"TN","HAI_6_CI_UPPER","0.832",""
"TX","HAI_6_CI_UPPER","0.844",""
"UT","HAI_6_CI_UPPER","0.834",""
"VA","HAI_6_CI_UPPER","1.123",""
"VI","HAI_6_CI_UPPER","1.764",""
"VT","HAI_6_CI_UPPER","0.703",""
"WA","HAI_6_CI_UPPER","1.014",""
"WI","HAI_6_CI_UPPER","0.895",""
"WV","HAI_6_CI_UPPER","1.141",""
"WY","HAI_6_CI_UPPER","1.183",""
"AK","HAI_6_CI_LOWER","0.488",""
"AL","HAI_6_CI_LOWER","0.602",""
"AR","HAI_6_CI_LOWER","0.638",""
"AS","HAI_6_CI_LOWER","Not Available","This measure does not apply to this hospital for this reporting period."
"AZ","HAI_6_CI_LOWER","1.116",""
"CA","HAI_6_CI_LOWER","1.046",""
"CO","HAI_6_CI_LOWER","0.991",""
"CT","HAI_6_CI_LOWER","1.009",""
"DC","HAI_6_CI_LOWER","0.872",""
"DE","HAI_6_CI_LOWER","0.942",""
"FL","HAI_6_CI_LOWER","0.915",""
"GA","HAI_6_CI_LOWER","0.785",""
"GU","HAI_6_CI_LOWER","Not Available","This measure does not apply to this hospital for this reporting period."
"HI","HAI_6_CI_LOWER","0.548",""
"IA","HAI_6_CI_LOWER","0.758",""
"ID","HAI_6_CI_LOWER","0.487",""
"IL","HAI_6_CI_LOWER","0.869",""
"IN","HAI_6_CI_LOWER","0.830",""
"KS","HAI_6_CI_LOWER","0.841",""
"KY","HAI_6_CI_LOWER","0.912",""
"LA","HAI_6_CI_LOWER","0.559",""
"MA","HAI_6_CI_LOWER","0.980",""
"MD","HAI_6_CI_LOWER","1.100",""
"ME","HAI_6_CI_LOWER","0.465",""
"MI","HAI_6_CI_LOWER","0.934",""
"MN","HAI_6_CI_LOWER","0.835",""
"MO","HAI_6_CI_LOWER","0.839",""
"MP","HAI_6_CI_LOWER","Not Available","This measure does not apply to this hospital for this reporting period."
"MS","HAI_6_CI_LOWER","0.501",""
"MT","HAI_6_CI_LOWER","0.665",""
"NC","HAI_6_CI_LOWER","0.805",""
"ND","HAI_6_CI_LOWER","0.616",""
"NE","HAI_6_CI_LOWER","0.538",""
"NH","HAI_6_CI_LOWER","0.727",""
"NJ","HAI_6_CI_LOWER","1.051",""
"NM","HAI_6_CI_LOWER","1.025",""
"NV","HAI_6_CI_LOWER","1.084",""
"NY","HAI_6_CI_LOWER","0.997",""
"OH","HAI_6_CI_LOWER","0.908",""
"OK","HAI_6_CI_LOWER","0.831",""
"OR","HAI_6_CI_LOWER","0.674",""
"PA","HAI_6_CI_LOWER","0.911",""
"PR","HAI_6_CI_LOWER","0.204",""
"RI","HAI_6_CI_LOWER","1.105",""
"SC","HAI_6_CI_LOWER","0.675",""
"SD","HAI_6_CI_LOWER","0.506",""
"TN","HAI_6_CI_LOWER","0.735",""
"TX","HAI_6_CI_LOWER","0.786",""
"UT","HAI_6_CI_LOWER","0.643",""
"VA","HAI_6_CI_LOWER","1.005",""
"VI","HAI_6_CI_LOWER","0.125",""
"VT","HAI_6_CI_LOWER","0.365",""
"WA","HAI_6_CI_LOWER","0.884",""
"WI","HAI_6_CI_LOWER","0.769",""
"WV","HAI_6_CI_LOWER","0.950",""
"WY","HAI_6_CI_LOWER","0.615",""
